<?xml version="1.0" encoding="utf-8"?>
<ImportExportXml version="7.1.0000.1086" SolutionPackageVersion="7.0" languagecode="1033" generatedBy="CrmLive" xmlns:xsi="http://www.w3.org/2001/XMLSchema-instance">
  <SolutionManifest>
    <UniqueName>MicrosoftDynamicsNavIntegration</UniqueName>
    <LocalizedNames>
      <LocalizedName description="Microsoft Dynamics 365 Business Edition Integration" languagecode="1033" />
      <LocalizedName description="تكامل Microsoft Dynamics 365 Business Edition" languagecode="1025" />
      <LocalizedName description="Интеграция на Microsoft Dynamics 365 Business Edition" languagecode="1026" />
      <LocalizedName description="Microsoft Dynamics 365 Business Edition Integration" languagecode="1027" />
      <LocalizedName description="Microsoft Dynamics 365 Business Edition 整合" languagecode="1028" />
      <LocalizedName description="Integrace s Microsoft Dynamics 365 Business Edition" languagecode="1029" />
      <LocalizedName description="Microsoft Dynamics 365 Business Edition-integration" languagecode="1030" />
      <LocalizedName description="Microsoft Dynamics 365 Business Edition-Integration" languagecode="1031" />
      <LocalizedName description="Microsoft Dynamics 365 Business Edition Ενοποίηση" languagecode="1032" />
      <LocalizedName description="Microsoft Dynamics 365 Business Edition -integrointi" languagecode="1035" />
      <LocalizedName description="Intégration Microsoft Dynamics 365 Business Edition" languagecode="1036" />
      <LocalizedName description="שילוב Microsoft Dynamics 365 Business Edition" languagecode="1037" />
      <LocalizedName description="Microsoft Dynamics 365 Business Edition integráció" languagecode="1038" />
      <LocalizedName description="Integrazione Microsoft Dynamics 365 Business Edition" languagecode="1040" />
      <LocalizedName description="Microsoft Dynamics 365 Business Edition 統合" languagecode="1041" />
      <LocalizedName description="Microsoft Dynamics 365 Business Edition 통합" languagecode="1042" />
      <LocalizedName description="Integratie Microsoft Dynamics 365 Business Edition" languagecode="1043" />
      <LocalizedName description="Microsoft Dynamics 365 Business Edition-integrering" languagecode="1044" />
      <LocalizedName description="Integracja systemu Microsoft Dynamics 365 Business Edition" languagecode="1045" />
      <LocalizedName description="Integração do Microsoft Dynamics 365 Business Edition" languagecode="1046" />
      <LocalizedName description="Integrare Microsoft Dynamics 365 Business Edition" languagecode="1048" />
      <LocalizedName description="Интеграция Microsoft Dynamics 365 Business Edition" languagecode="1049" />
      <LocalizedName description="Microsoft Dynamics 365 Business Edition integracija" languagecode="1050" />
      <LocalizedName description="Integrácia systému Microsoft Dynamics 365 Business Edition" languagecode="1051" />
      <LocalizedName description="Microsoft Dynamics 365 Business Edition-integrering" languagecode="1053" />
      <LocalizedName description="การรวม Microsoft Dynamics 365 Business Edition" languagecode="1054" />
      <LocalizedName description="Microsoft Dynamics 365 Business Edition Tümleştirmesi" languagecode="1055" />
      <LocalizedName description="Microsoft Dynamics 365 Business Edition Integrasi" languagecode="1057" />
      <LocalizedName description="Інтеграція Microsoft Dynamics 365 Business Edition" languagecode="1058" />
      <LocalizedName description="Integracija Microsoft Dynamics 365 Business Edition" languagecode="1060" />
      <LocalizedName description="Microsoft Dynamics 365 Business Edition-i integratsioon" languagecode="1061" />
      <LocalizedName description="Microsoft Dynamics 365 Business Edition Integrācija" languagecode="1062" />
      <LocalizedName description="„Microsoft Dynamics 365 Business Edition“ integravimas" languagecode="1063" />
      <LocalizedName description="Tích hợp Microsoft Dynamics 365 Business Edition" languagecode="1066" />
      <LocalizedName description="Microsoft Dynamics 365 Business Edition integrazioa" languagecode="1069" />
      <LocalizedName description="Microsoft Dynamics 365 Business Edition एकीकरण" languagecode="1081" />
      <LocalizedName description="Microsoft Dynamics 365 Business Edition Integrasi" languagecode="1086" />
      <LocalizedName description="Microsoft Dynamics 365 Business Edition біріктіру" languagecode="1087" />
      <LocalizedName description="Integración de Microsoft Dynamics 365 Business Edition" languagecode="1110" />
      <LocalizedName description="Microsoft Dynamics 365 Business Edition 集成" languagecode="2052" />
      <LocalizedName description="Integração do Microsoft Dynamics 365 Business Edition" languagecode="2070" />
      <LocalizedName description="Microsoft Dynamics 365 Business Edition Integracija" languagecode="2074" />
      <LocalizedName description="Microsoft Dynamics 365 Business Edition 整合" languagecode="3076" />
      <LocalizedName description="Integración de Microsoft Dynamics 365 Business Edition" languagecode="3082" />
      <LocalizedName description="Microsoft Dynamics 365 Business Edition Интеграција" languagecode="3098" />
    </LocalizedNames>
    <Descriptions>
      <Description description="This solution enables Microsoft Dynamics 365 users to navigate to Microsoft Dynamics 365 Business Edition on mapped records, and to see certain information from Microsoft Dynamics 365 Business Edition inside Microsoft Dynamics 365." languagecode="1033" />
      <Description description="يعمل هذا الحل على تمكين مستخدمي Microsoft Dynamics 365 من التنقل إلى Microsoft Dynamics 365 Business Edition في السجلات المعيَّنة والاطلاع على معلومات معينة من Microsoft Dynamics 365 Business Edition داخل Microsoft Dynamics 365." languagecode="1025" />
      <Description description="Това решение позволява на потребителите на Microsoft Dynamics 365 да навигират до Microsoft Dynamics 365 Business Edition в нанесени записи и да виждат определена информация от Microsoft Dynamics 365 Business Edition в Microsoft Dynamics 365." languagecode="1026" />
      <Description description="Aquesta solució permet que els usuaris del Microsoft Dynamics 365 puguin navegar al Microsoft Dynamics 365 Business Edition en registres assignats i veure certa informació del Microsoft Dynamics 365 Business Edition dins del Microsoft Dynamics 365." languagecode="1027" />
      <Description description="此解決方案可讓 Microsoft Dynamics 365 使用者在對應記錄上瀏覽至 Microsoft Dynamics 365 Business Edition，並在 Microsoft Dynamics 365 內部看到來自 Microsoft Dynamics 365 Business Edition 的特定資訊。" languagecode="1028" />
      <Description description="Toto řešení umožňuje uživatelům aplikace Microsoft Dynamics 365 přejít v případě namapovaných záznamů do Microsoft Dynamics 365 Business Edition a zobrazit si určité informace z Microsoft Dynamics 365 Business Edition v rámci Microsoft Dynamics 365." languagecode="1029" />
      <Description description="Denne løsning giver Microsoft Dynamics 365-brugere mulighed for at gå til Microsoft Dynamics 365 Business Edition fra tilknyttede poster og få vist visse oplysninger fra Microsoft Dynamics 365 Business Edition i Microsoft Dynamics 365." languagecode="1030" />
      <Description description="Mit dieser Lösung können Microsoft Dynamics 365-Benutzer in zugeordneten Datensätzen zu Microsoft Dynamics 365 Business Edition navigieren und bestimmte Informationen aus Microsoft Dynamics 365 Business Edition in Microsoft Dynamics 365 anzeigen." languagecode="1031" />
      <Description description="Αυτή η λύση δίνει τη δυνατότητα στους χρήστες του Microsoft Dynamics 365 να περιηγηθούν στο Microsoft Dynamics 365 Business Edition σε καρτέλες που έχουν αντιστοιχηθεί και να δουν συγκεκριμένες πληροφορίες από το Microsoft Dynamics 365 Business Edition εντός του Microsoft Dynamics 365." languagecode="1032" />
      <Description description="Tämän ratkaisun ansiosta Microsoft Dynamics 365:n käyttäjät voivat siirtyä Microsoft Dynamics 365 Business Edition -ohjelmaan yhdistetyissä tietueissa ja tarkastella tiettyjä Microsoft Dynamics 365 Business Edition -tietoja Microsoft Dynamics 365:ssä." languagecode="1035" />
      <Description description="Cette solution permet aux utilisateurs de Microsoft Dynamics 365 de naviguer vers Microsoft Dynamics 365 Business Edition sur des enregistrements mappés et de voir certaines informations de Microsoft Dynamics 365 Business Edition à l'intérieur de Microsoft Dynamics 365." languagecode="1036" />
      <Description description="פתרון זה מאפשר למשתמשי Microsoft Dynamics 365 לנווט אל Microsoft Dynamics 365 Business Edition ברשומות ממופות, ולראות מידע מסוים מ- Microsoft Dynamics 365 Business Edition בתוך Microsoft Dynamics 365." languagecode="1037" />
      <Description description="A megoldással a Microsoft Dynamics 365 falhasználói leképezett rekordokon navigálhatnak a Microsoft Dynamics 365 Business Edition rendszerbe, és a Microsoft Dynamics 365 Business Edition egyes információit közvetlenül a Microsoft Dynamics 365 rendszerben tekinthetnek meg." languagecode="1038" />
      <Description description="Questa soluzione consente agli utenti di Microsoft Dynamics 365 di accedere a Microsoft Dynamics 365 Business Edition sui record mappati e vedere alcune informazioni da Microsoft Dynamics 365 Business Edition all'interno di Microsoft Dynamics 365." languagecode="1040" />
      <Description description="このソリューションによって、Microsoft Dynamics 365 ユーザーはマッピングされたレコードに基づいて Microsoft Dynamics 365 Business Edition に移動し、Microsoft Dynamics 365 Business Edition にある特定の情報を Microsoft Dynamics 365 の内部から表示できます。" languagecode="1041" />
      <Description description="이 솔루션은 Microsoft Dynamics 365 사용자를 사용하여 매핑된 레코드에서 Microsoft Dynamics 365 Business Edition로 이동하고 Microsoft Dynamics 365 내 Microsoft Dynamics 365 Business Edition에서 특정 정보를 볼 수 있습니다." languagecode="1042" />
      <Description description="Met deze oplossing kunnen Microsoft Dynamics 365-gebruikers navigeren naar Microsoft Dynamics 365 Business Edition in toegewezen records en bepaalde informatie van Microsoft Dynamics 365 Business Edition in Microsoft Dynamics 365 bekijken." languagecode="1043" />
      <Description description="Denne løsningen gjør at Microsoft Dynamics 365-brukere kan navigere til Microsoft Dynamics 365 Business Edition i tilordnede oppføringer og se bestemt informasjon fra Microsoft Dynamics 365 Business Edition innad i Microsoft Dynamics 365." languagecode="1044" />
      <Description description="To rozwiązanie umożliwia użytkownikom systemu Microsoft Dynamics 365 przechodzenie do systemu Microsoft Dynamics 365 Business Edition za pomocą zamapowanych rekordów, a także wyświetlanie pewnych informacji z systemu Microsoft Dynamics 365 Business Edition w systemie Microsoft Dynamics 365." languagecode="1045" />
      <Description description="Essa solução permite que os usuários do Microsoft Dynamics 365 naveguem para Microsoft Dynamics 365 Business Edition em registros mapeados e que possam ver certas informações do Microsoft Dynamics 365 Business Edition a partir do Microsoft Dynamics 365." languagecode="1046" />
      <Description description="Această soluție le permite utilizatorilor Microsoft Dynamics 365 să navigheze la Microsoft Dynamics 365 Business Edition de pe înregistrările mapate și să vadă anumite informații de la Microsoft Dynamics 365 Business Edition în Microsoft Dynamics 365." languagecode="1048" />
      <Description description="Это решение помогает пользователям Microsoft Dynamics 365 переходить к Microsoft Dynamics 365 Business Edition через сопоставленные записи и просматривать сведения из Microsoft Dynamics 365 Business Edition в Microsoft Dynamics 365." languagecode="1049" />
      <Description description="Ovo rješenje omogućuje korisnike sustava Microsoft Dynamics 365 da dođu do sustava Microsoft Dynamics 365 Business Edition na mapiranim zapisima i vide određene informacije iz sustava Microsoft Dynamics 365 Business Edition u sustavu Microsoft Dynamics 365." languagecode="1050" />
      <Description description="Toto riešenie umožňuje používateľom systému Microsoft Dynamics 365 prejsť do systému Microsoft Dynamics 365 Business Edition v mapovaných záznamoch a zobraziť určité informácie zo systému Microsoft Dynamics 365 Business Edition v rámci systému Microsoft Dynamics 365." languagecode="1051" />
      <Description description="Den här lösningen gör det möjligt för Microsoft Dynamics 365-användare att navigera till Microsoft Dynamics 365 Business Edition på mappade poster och visa viss information från Microsoft Dynamics 365 Business Edition inne i Microsoft Dynamics 365." languagecode="1053" />
      <Description description="โซลูชันนี้ให้ผู้ใช้ Microsoft Dynamics 365 สามารถนำทางไปยัง Microsoft Dynamics 365 Business Edition บนเรกคอร์ดที่แม็ป และดูข้อมูลบางอย่างจาก Microsoft Dynamics 365 Business Edition ภายใน Microsoft Dynamics 365" languagecode="1054" />
      <Description description="Bu çözüm Microsoft Dynamics 365 kullanıcılarının eşlenen kayıtlarda Microsoft Dynamics 365 Business Edition uygulamasına gitmelerine ve Microsoft Dynamics 365 Business Edition uygulamasındaki belirli bilgileri Microsoft Dynamics 365 içinden görmesine olanak tanır." languagecode="1055" />
      <Description description="Solusi ini memungkinkan pengguna Microsoft Dynamics 365 menavigasi ke Microsoft Dynamics 365 Business Edition pada catatan yang dipetakan, dan melihat informasi tertentu dari Microsoft Dynamics 365 Business Edition dalam Microsoft Dynamics 365." languagecode="1057" />
      <Description description="Це рішення дає користувачам Microsoft Dynamics 365 змогу переходити до Microsoft Dynamics 365 Business Edition за зіставленими записами та переглядати інформацію з Microsoft Dynamics 365 Business Edition в Microsoft Dynamics 365." languagecode="1058" />
      <Description description="Ta rešitev uporabnikom Microsoft Dynamics 365 omogoča pomik do rešitve Microsoft Dynamics 365 Business Edition na preslikanih zapisih in ogled določenih informacij rešitve Microsoft Dynamics 365 Business Edition znotraj programa Microsoft Dynamics 365." languagecode="1060" />
      <Description description="See lahendus võimaldab Microsoft Dynamics 365-i kasutajatel vastendatud kirjetes navigeerida Microsoft Dynamics 365 Business Edition-i juurde ja näha Microsoft Dynamics 365-is Microsoft Dynamics 365 Business Edition-i teatud teavet." languagecode="1061" />
      <Description description="Šis risinājums ļauj Microsoft Dynamics 365 lietotājiem pāriet uz Microsoft Dynamics 365 Business Edition kartētajos ierakstos un skatīt atsevišķu informāciju no Microsoft Dynamics 365 Business Edition iekš Microsoft Dynamics 365." languagecode="1062" />
      <Description description="Šis sprendimas suteikia „Microsoft Dynamics 365“ vartotojams galimybę susietuose įrašuose pereiti į „Microsoft Dynamics 365 Business Edition“ ir peržiūrėti tam tikrą „Microsoft Dynamics 365 Business Edition“ informaciją programoje „Microsoft Dynamics 365“." languagecode="1063" />
      <Description description="Giải pháp này cho phép người dùng Microsoft Dynamics 365 có thể điều hướng tới Microsoft Dynamics 365 Business Edition trên các bản ghi đã được ánh xạ và xem một số thông tin từ Microsoft Dynamics 365 Business Edition bên trong Microsoft Dynamics 365." languagecode="1066" />
      <Description description="Soluzio honek aukera ematen die Microsoft Dynamics 365 erabiltzaileei Microsoft Dynamics 365 Business Edition soluziora joateko esleitutako erregistroetan eta Microsoft Dynamics 365 Business Edition soluzioaren zenbait datu ikusten Microsoft Dynamics 365ren barruan." languagecode="1069" />
      <Description description="यह समाधान Microsoft Dynamics 365 उपयोगकर्ताओं को मानचित्रित रिकॉर्ड पर Microsoft Dynamics 365 Business Edition में नेविगेट करने और Microsoft Dynamics 365 Business Edition अंदर Microsoft Dynamics 365 की कुछ जानकारी देखने में सक्षम करता है." languagecode="1081" />
      <Description description="Penyelesaian ini membolehkan pengguna Microsoft Dynamics 365 menavigasi ke Microsoft Dynamics 365 Business Edition pada rekod yang dipeta dan untuk melihat sesetengah maklumat daripada Microsoft Dynamics 365 Business Edition dalam Microsoft Dynamics 365." languagecode="1086" />
      <Description description="Бұл шешім Microsoft Dynamics 365 пайдаланушыларына салыстырылған жазбаларда Microsoft Dynamics 365 Business Edition жүйесіне өтуге және Microsoft Dynamics 365 ішінде Microsoft Dynamics 365 Business Edition жүйесінен белгілі бір ақпаратты көруге мүмкіндік береді." languagecode="1087" />
      <Description description="Esta solución permite aos usuarios de Microsoft Dynamics 365 navegar até Microsoft Dynamics 365 Business Edition en rexistros asignados, así como ver determinada información de Microsoft Dynamics 365 Business Edition en Microsoft Dynamics 365." languagecode="1110" />
      <Description description="通过该解决方案，Microsoft Dynamics 365 用户可在映射的记录上导航至 Microsoft Dynamics 365 Business Edition，并在 Microsoft Dynamics 365 内查看来自 Microsoft Dynamics 365 Business Edition 的某些信息。" languagecode="2052" />
      <Description description="Esta solução permite que os utilizadores do Microsoft Dynamics 365 naveguem para o Microsoft Dynamics 365 Business Edition nos registos mapeados e que vejam determinadas informações do Microsoft Dynamics 365 Business Edition no Microsoft Dynamics 365." languagecode="2070" />
      <Description description="Ovo rešenje omogućava Microsoft Dynamics 365 korisnicima da odu do sistema Microsoft Dynamics 365 Business Edition u okviru mapiranih zapisa i pregledaju određene informacije iz sistema Microsoft Dynamics 365 Business Edition u okviru Microsoft Dynamics 365." languagecode="2074" />
      <Description description="此解決方案可讓 Microsoft Dynamics 365 使用者在對應記錄上瀏覽至 Microsoft Dynamics 365 Business Edition，並在 Microsoft Dynamics 365 內部看到來自 Microsoft Dynamics 365 Business Edition 的特定資訊。" languagecode="3076" />
      <Description description="Esta solución permite a los usuarios de Microsoft Dynamics 365 navegar a Microsoft Dynamics 365 Business Edition en los registros asignados y ver cierta información de Microsoft Dynamics 365 Business Edition dentro de Microsoft Dynamics 365." languagecode="3082" />
      <Description description="Ово решење омогућава Microsoft Dynamics 365 корисницима да оду до система Microsoft Dynamics 365 Business Edition у оквиру мапираних записа и прегледају одређене информације из система Microsoft Dynamics 365 Business Edition у оквиру Microsoft Dynamics 365." languagecode="3098" />
    </Descriptions>
    <Version>11.0.19394.0</Version>
    <Managed>1</Managed>
    <Publisher>
      <UniqueName>MicrosoftDynamicsNav</UniqueName>
      <LocalizedNames>
        <LocalizedName description="Microsoft Dynamics 365 Business Edition" languagecode="1033" />
        <LocalizedName description="Microsoft Dynamics 365 Business Edition" languagecode="1025" />
        <LocalizedName description="Microsoft Dynamics 365 Business Edition" languagecode="1026" />
        <LocalizedName description="Microsoft Dynamics 365 Business Edition" languagecode="1027" />
        <LocalizedName description="Microsoft Dynamics 365 Business Edition" languagecode="1028" />
        <LocalizedName description="Microsoft Dynamics 365 Business Edition" languagecode="1029" />
        <LocalizedName description="Microsoft Dynamics 365 Business Edition" languagecode="1030" />
        <LocalizedName description="Microsoft Dynamics 365 Business Edition" languagecode="1031" />
        <LocalizedName description="Microsoft Dynamics 365 Business Edition" languagecode="1032" />
        <LocalizedName description="Microsoft Dynamics 365 Business Edition" languagecode="1035" />
        <LocalizedName description="Microsoft Dynamics 365 Business Edition" languagecode="1036" />
        <LocalizedName description="Microsoft Dynamics 365 Business Edition" languagecode="1037" />
        <LocalizedName description="Microsoft Dynamics 365 Business Edition" languagecode="1038" />
        <LocalizedName description="Microsoft Dynamics 365 Business Edition" languagecode="1040" />
        <LocalizedName description="Microsoft Dynamics 365 Business Edition" languagecode="1041" />
        <LocalizedName description="Microsoft Dynamics 365 Business Edition" languagecode="1042" />
        <LocalizedName description="Microsoft Dynamics 365 Business Edition" languagecode="1043" />
        <LocalizedName description="Microsoft Dynamics 365 Business Edition" languagecode="1044" />
        <LocalizedName description="Microsoft Dynamics 365 Business Edition" languagecode="1045" />
        <LocalizedName description="Microsoft Dynamics 365 Business Edition" languagecode="1046" />
        <LocalizedName description="Microsoft Dynamics 365 Business Edition" languagecode="1048" />
        <LocalizedName description="Microsoft Dynamics 365 Business Edition" languagecode="1049" />
        <LocalizedName description="Microsoft Dynamics 365 Business Edition" languagecode="1050" />
        <LocalizedName description="Microsoft Dynamics 365 Business Edition" languagecode="1051" />
        <LocalizedName description="Microsoft Dynamics 365 Business Edition" languagecode="1053" />
        <LocalizedName description="Microsoft Dynamics 365 Business Edition" languagecode="1054" />
        <LocalizedName description="Microsoft Dynamics 365 Business Edition" languagecode="1055" />
        <LocalizedName description="Microsoft Dynamics 365 Business Edition" languagecode="1057" />
        <LocalizedName description="Microsoft Dynamics 365 Business Edition" languagecode="1058" />
        <LocalizedName description="Microsoft Dynamics 365 Business Edition" languagecode="1060" />
        <LocalizedName description="Microsoft Dynamics 365 Business Edition" languagecode="1061" />
        <LocalizedName description="Microsoft Dynamics 365 Business Edition" languagecode="1062" />
        <LocalizedName description="Microsoft Dynamics 365 Business Edition" languagecode="1063" />
        <LocalizedName description="Microsoft Dynamics 365 Business Edition" languagecode="1066" />
        <LocalizedName description="Microsoft Dynamics 365 Business Edition" languagecode="1069" />
        <LocalizedName description="Microsoft Dynamics 365 Business Edition" languagecode="1081" />
        <LocalizedName description="Microsoft Dynamics 365 Business Edition" languagecode="1086" />
        <LocalizedName description="Microsoft Dynamics 365 Business Edition" languagecode="1087" />
        <LocalizedName description="Microsoft Dynamics 365 Business Edition" languagecode="1110" />
        <LocalizedName description="Microsoft Dynamics 365 Business Edition" languagecode="2052" />
        <LocalizedName description="Microsoft Dynamics 365 Business Edition" languagecode="2070" />
        <LocalizedName description="Microsoft Dynamics 365 Business Edition" languagecode="2074" />
        <LocalizedName description="Microsoft Dynamics 365 Business Edition" languagecode="3076" />
        <LocalizedName description="Microsoft Dynamics 365 Business Edition" languagecode="3082" />
        <LocalizedName description="Microsoft Dynamics 365 Business Edition" languagecode="3098" />
      </LocalizedNames>
      <Descriptions>
        <Description description="Publisher for Microsoft Dynamics 365 Business Edition" languagecode="1033" />
        <Description description="ناشر لـ Microsoft Dynamics 365 Business Edition" languagecode="1025" />
        <Description description="Издател за Microsoft Dynamics 365 Business Edition" languagecode="1026" />
        <Description description="Editor per al Microsoft Dynamics 365 Business Edition" languagecode="1027" />
        <Description description="Microsoft Dynamics 365 Business Edition 發行者" languagecode="1028" />
        <Description description="Vydavatel pro Microsoft Dynamics 365 Business Edition" languagecode="1029" />
        <Description description="Udgiver for Microsoft Dynamics 365 Business Edition" languagecode="1030" />
        <Description description="Herausgeber für Microsoft Dynamics 365 Business Edition" languagecode="1031" />
        <Description description="Εκδότης του Microsoft Dynamics 365 Business Edition" languagecode="1032" />
        <Description description="Microsoft Dynamics 365 Business Edition:n julkaisija" languagecode="1035" />
        <Description description="Éditeur de Microsoft Dynamics 365 Business Edition" languagecode="1036" />
        <Description description="פורסם עבור Microsoft Dynamics 365 Business Edition" languagecode="1037" />
        <Description description="A Microsoft Dynamics 365 Business Edition közzétevője" languagecode="1038" />
        <Description description="Autore per Microsoft Dynamics 365 Business Edition" languagecode="1040" />
        <Description description="Microsoft Dynamics 365 Business Edition の発行者" languagecode="1041" />
        <Description description="Microsoft Dynamics 365 Business Edition의 게시자" languagecode="1042" />
        <Description description="Uitgever voor Microsoft Dynamics 365 Business Edition" languagecode="1043" />
        <Description description="Utgiver for Microsoft Dynamics 365 Business Edition" languagecode="1044" />
        <Description description="Wydawca systemu Microsoft Dynamics 365 Business Edition" languagecode="1045" />
        <Description description="Publicador para Microsoft Dynamics 365 Business Edition" languagecode="1046" />
        <Description description="Editor pentru Microsoft Dynamics 365 Business Edition" languagecode="1048" />
        <Description description="Издатель Microsoft Dynamics 365 Business Edition" languagecode="1049" />
        <Description description="Izdavač za Microsoft Dynamics 365 Business Edition" languagecode="1050" />
        <Description description="Vydavateľ systému Microsoft Dynamics 365 Business Edition" languagecode="1051" />
        <Description description="Utgivare av Microsoft Dynamics 365 Business Edition" languagecode="1053" />
        <Description description="ผู้เผยแพร่สำหรับ Microsoft Dynamics 365 Business Edition" languagecode="1054" />
        <Description description="Microsoft Dynamics 365 Business Edition için Yayımcı" languagecode="1055" />
        <Description description="Penerbit untuk Microsoft Dynamics 365 Business Edition" languagecode="1057" />
        <Description description="Видавець для Microsoft Dynamics 365 Business Edition" languagecode="1058" />
        <Description description="Izdajatelj za organizacijo Microsoft Dynamics 365 Business Edition" languagecode="1060" />
        <Description description="Microsoft Dynamics 365 Business Edition-i avaldaja" languagecode="1061" />
        <Description description="Izstrādātājs Microsoft Dynamics 365 Business Edition" languagecode="1062" />
        <Description description="„Microsoft Dynamics 365 Business Edition“ leidėjas" languagecode="1063" />
        <Description description="Nhà phát hành cho Microsoft Dynamics 365 Business Edition" languagecode="1066" />
        <Description description="Microsoft Dynamics 365 Business Edition soluziorako argitaratzailea" languagecode="1069" />
        <Description description="Microsoft Dynamics 365 Business Edition के लिए प्रकाशक" languagecode="1081" />
        <Description description="Penerbit bagi Microsoft Dynamics 365 Business Edition" languagecode="1086" />
        <Description description="Microsoft Dynamics 365 Business Edition жариялаушысы" languagecode="1087" />
        <Description description="Publicador para Microsoft Dynamics 365 Business Edition" languagecode="1110" />
        <Description description="Microsoft Dynamics 365 Business Edition 的发布者" languagecode="2052" />
        <Description description="Publicador do Microsoft Dynamics 365 Business Edition" languagecode="2070" />
        <Description description="Izdavač za Microsoft Dynamics 365 Business Edition" languagecode="2074" />
        <Description description="Microsoft Dynamics 365 Business Edition 發行者" languagecode="3076" />
        <Description description="Editor de Microsoft Dynamics 365 Business Edition" languagecode="3082" />
        <Description description="Издавач за Microsoft Dynamics 365 Business Edition" languagecode="3098" />
      </Descriptions>
      <EMailAddress xsi:nil="true">
      </EMailAddress>
      <SupportingWebsiteUrl xsi:nil="true">
      </SupportingWebsiteUrl>
      <CustomizationPrefix>nav</CustomizationPrefix>
      <CustomizationOptionValuePrefix>80863</CustomizationOptionValuePrefix>
      <Addresses>
        <Address>
          <AddressNumber>1</AddressNumber>
          <AddressTypeCode>1</AddressTypeCode>
          <City>Redmond</City>
          <County xsi:nil="true">
          </County>
          <Country>US</Country>
          <Fax xsi:nil="true">
          </Fax>
          <FreightTermsCode xsi:nil="true">
          </FreightTermsCode>
          <ImportSequenceNumber xsi:nil="true">
          </ImportSequenceNumber>
          <Latitude xsi:nil="true">
          </Latitude>
          <Line1>One Microsoft Way</Line1>
          <Line2 xsi:nil="true">
          </Line2>
          <Line3 xsi:nil="true">
          </Line3>
          <Longitude xsi:nil="true">
          </Longitude>
          <Name xsi:nil="true">
          </Name>
          <PostalCode>98052</PostalCode>
          <PostOfficeBox xsi:nil="true">
          </PostOfficeBox>
          <PrimaryContactName xsi:nil="true">
          </PrimaryContactName>
          <ShippingMethodCode>1</ShippingMethodCode>
          <StateOrProvince>Washington</StateOrProvince>
          <Telephone1>1-888-477-7989</Telephone1>
          <Telephone2 xsi:nil="true">
          </Telephone2>
          <Telephone3 xsi:nil="true">
          </Telephone3>
          <TimeZoneRuleVersionNumber xsi:nil="true">
          </TimeZoneRuleVersionNumber>
          <UPSZone xsi:nil="true">
          </UPSZone>
          <UTCOffset xsi:nil="true">
          </UTCOffset>
          <UTCConversionTimeZoneCode xsi:nil="true">
          </UTCConversionTimeZoneCode>
        </Address>
        <Address>
          <AddressNumber>2</AddressNumber>
          <AddressTypeCode>1</AddressTypeCode>
          <City xsi:nil="true">
          </City>
          <County xsi:nil="true">
          </County>
          <Country xsi:nil="true">
          </Country>
          <Fax xsi:nil="true">
          </Fax>
          <FreightTermsCode xsi:nil="true">
          </FreightTermsCode>
          <ImportSequenceNumber xsi:nil="true">
          </ImportSequenceNumber>
          <Latitude xsi:nil="true">
          </Latitude>
          <Line1 xsi:nil="true">
          </Line1>
          <Line2 xsi:nil="true">
          </Line2>
          <Line3 xsi:nil="true">
          </Line3>
          <Longitude xsi:nil="true">
          </Longitude>
          <Name xsi:nil="true">
          </Name>
          <PostalCode xsi:nil="true">
          </PostalCode>
          <PostOfficeBox xsi:nil="true">
          </PostOfficeBox>
          <PrimaryContactName xsi:nil="true">
          </PrimaryContactName>
          <ShippingMethodCode>1</ShippingMethodCode>
          <StateOrProvince xsi:nil="true">
          </StateOrProvince>
          <Telephone1 xsi:nil="true">
          </Telephone1>
          <Telephone2 xsi:nil="true">
          </Telephone2>
          <Telephone3 xsi:nil="true">
          </Telephone3>
          <TimeZoneRuleVersionNumber xsi:nil="true">
          </TimeZoneRuleVersionNumber>
          <UPSZone xsi:nil="true">
          </UPSZone>
          <UTCOffset xsi:nil="true">
          </UTCOffset>
          <UTCConversionTimeZoneCode xsi:nil="true">
          </UTCConversionTimeZoneCode>
        </Address>
      </Addresses>
    </Publisher>
    <RootComponents>
      <RootComponent type="1" schemaName="account" />
      <RootComponent type="1" schemaName="activitypointer" />
      <RootComponent type="1" schemaName="contact" />
      <RootComponent type="1" schemaName="contract" />
      <RootComponent type="1" schemaName="contractdetail" />
      <RootComponent type="1" schemaName="entitlement" />
      <RootComponent type="1" schemaName="incident" />
      <RootComponent type="1" schemaName="nav_accountstatistics" />
      <RootComponent type="1" schemaName="nav_connection" />
      <RootComponent type="1" schemaName="opportunity" />
      <RootComponent type="1" schemaName="opportunityproduct" />
      <RootComponent type="1" schemaName="product" />
      <RootComponent type="1" schemaName="quote" />
      <RootComponent type="1" schemaName="salesorder" />
      <RootComponent type="1" schemaName="salesorderdetail" />
      <RootComponent type="1" schemaName="service" />
      <RootComponent type="1" schemaName="systemuser" />
      <RootComponent type="1" schemaName="transactioncurrency" />
      <RootComponent type="20" id="{8c8d4f51-a72b-e511-80d9-3863bb349780}" />
      <RootComponent type="20" id="{6f960e32-a72b-e511-80d9-3863bb349780}" />
      <RootComponent type="20" id="{92853f5b-24cc-e611-80fa-c4346bac3fa4}" />
      <RootComponent type="29" id="{3c1f3ad5-3708-4968-b182-cc49c18fbe25}" />
      <RootComponent type="29" id="{69282ed8-813a-49a1-a726-b7900b5ab32c}" />
      <RootComponent type="61" schemaName="nav_NavConnect.js" />
      <RootComponent type="91" schemaName="NavODataPlugin, Version=11.0.0.0, Culture=neutral, PublicKeyToken=31bf3856ad364e35" />
      <RootComponent type="92" id="{1ff6f3c9-b033-e611-80e6-5065f38a3bc1}" behavior="0" />
      <RootComponent type="92" id="{55228ac2-b033-e611-80e6-5065f38a3bc1}" behavior="0" />
    </RootComponents>
    <MissingDependencies />
  </SolutionManifest>
</ImportExportXml>
