<?xml version="1.0" encoding="utf-8"?>
<Manifest>
    <Resources>
        <StyleSheet>BusinessChartAddIn.css</StyleSheet>
        <Script>BusinessChartAddIn.js</Script>
    </Resources>
    
    <ScriptUrls>
        <ScriptUrl>js/jquery-2.1.0.min.js</ScriptUrl>
        <ScriptUrl>js/highcharts-4.0.1.js</ScriptUrl>
        <ScriptUrl>js/highcharts-more-4.0.1.js</ScriptUrl>
        <ScriptUrl>js/funnel-4.0.1.js</ScriptUrl>
    </ScriptUrls>
    
    <Script>
        <![CDATA[ 
Initialize();
        ]]>
    </Script>

    <RecreateScript>
        <![CDATA[ 
Refresh();
        ]]>
    </RecreateScript>

    <RefreshScript>
        <![CDATA[ 
Refresh();
        ]]>
    </RefreshScript>
    
    <RequestedHeight>320</RequestedHeight>
    <RequestedWidth>300</RequestedWidth>
    
    <MinimumHeight>180</MinimumHeight>
    <MinimumWidth>200</MinimumWidth>

    <VerticalStretch>true</VerticalStretch>
    <HorizontalStretch>true</HorizontalStretch>
    
    <VerticalShrink>true</VerticalShrink>
    <HorizontalShrink>true</HorizontalShrink>  
</Manifest>
