﻿<?xml version="1.0" encoding="utf-8"?>
<Manifest>
  <Resources>
    <Script>FlowIntegration.js</Script>
    <Script>MsFlowSdk-1.0.3.js</Script>
  </Resources>

  <Script>
    <![CDATA[
      Microsoft.Dynamics.NAV.InvokeExtensibilityMethod('ControlAddInReady');
    ]]>
  </Script>

  <RecreateScript>
    <![CDATA[ 
Microsoft.Dynamics.NAV.InvokeExtensibilityMethod('Refresh');
    ]]>
  </RecreateScript>

  <RefreshScript>
    <![CDATA[
Microsoft.Dynamics.NAV.InvokeExtensibilityMethod('Refresh');
    ]]>
  </RefreshScript>

  <RequestedHeight>600</RequestedHeight>
  <RequestedWidth>320</RequestedWidth>

  <MinimumHeight>600</MinimumHeight>
  
  <!-- According to the documentation, the embedded experience needs to be between 320px and 1200px inclusive (https://flow.microsoft.com/en-us/documentation/embed-flow-dev/)-->
  <MinimumWidth>320</MinimumWidth>
  
  
  <VerticalStretch>true</VerticalStretch>
  <HorizontalStretch>true</HorizontalStretch>

  <VerticalShrink>true</VerticalShrink>
  <HorizontalShrink>true</HorizontalShrink>
</Manifest>